Mario Speedwagon,(856) 614-3801,cadam21@yahoo.com,4/25/2016
Petey Cruiser,(973) 328-6490,adamsrib@ktis.net,4/16/2014
Anna Sthesia,(973) 680-3518,dpc31351@yahoo.com,2/7/1951
Paul Molive,(908) 820-3969,albs56@aol.com,11/11/1983
Anna Mull,(201) 996-8021,lee73120@aol.com,8/30/2015
Gail Forcewind,(609) 561-1485,rlalphonse@sault.com,1/26/1994
Paige Turner,(201) 217-4602,PMACLJA@aol.com,12/3/1967
Bob Frapples,(973) 328-6490,alfranbensam@charter.net,8/10/1947
Walter Melon,(732) 775-5131,rbinhood0063@aol.com,5/4/2018
Nick R. Bocker,(732) 937-4525,asku3@verizon.net,4/4/1955
Barb Ackue,(973) 648-7601,alicearnie@aol.com,2/9/2001
Buck Kinnear,(973) 383-4432,bevdnewsome@yahoo.com,8/5/1989
Greta Life,(888) 795-6672,kbaker4640@aol.com,6/22/2020
Ira Membrit,(973) 458-6724,donbarnes@aol.com,6/25/2016
Shonda Leer,(973) 977-4307,Rogbaron@aol.com,10/30/1949
Brock Lee,(732) 937-4525,gramanina@aol.com,4/4/1991
Maya Didas,(908) 859-5467,Billbasnett@cox.net,8/24/2023
Rick O'Shea,(908) 412-7779,julesb728@yahoo.com,11/1/1970
Pete Sariya,(609) 441-7581,Rbattiat@comcast.net,7/6/1974
Monty Carlo,(856) 935-6289,jimbauer@castles.com,6/16/1985
Sal Monella,(908) 704-3366,mtbecks@optimum.net,2/17/2016
Sue Vaneer,(856) 853-4177,edsuebecker451@wowway.com,5/26/1994
Cliff Hanger,(732) 286-6460,JB285@AOL.com,3/16/1968
Barb Dwyer,(609) 292-6800,donbenchoff@comcast.net,11/26/2023
Terry Aki,(856) 696-6591,vpb67@bex.net,10/15/2024
Cory Ander,(609) 518-3923,wbensel@infoave.net,4/9/1960
Robin Banks,(609) 729-0873,bensops5177@comcast.net,2/1/2020
Jimmy Changa,(822) 558-1345,myrtle710@aol.com,2/5/1937
Barry Wine,(855) 844-5457,IRCLOVER@worldnet.att.net,8/14/1942
Wilma Mumduya,(811) 231-5703,jb710@zoominternet.net,1/20/2001
Buster Keeton,(855) 878-7014,joespalace@msn.com,12/22/2022
Poppa Smurf,(833) 738-0732,cb06199@gmail.com,6/10/1980
Zack Lee,(833) 871-3292,bireschj@verizon.net,3/10/1961
Don Stairs,(844) 330-0443,marybiresch@yahoo.com,12/17/1963
Saul Tea,(855) 110-2359,dbish67933@aol.com,10/29/2004
Peter Pun,(899) 871-5131,rbish7@aol.com,2/15/1965
Hal Appeno ,(811) 123-3158,GBitsoli@cox.net,2/12/2011
Otto Matic,(833) 996-3497,BOARD617@ATT.NET,5/6/2019
Moe Johnson,(833) 079-4284,GREAT MOMAD@AOL.COM,7/17/1945
Graham Cracker,(899) 656-7977,kebrooks@snet.net,5/20/2021
Tom Foolery,(899) 004-2527,bill@keithtv.com,10/21/1994
Al Dente,(833) 239-6363,philliac@aol.com,12/5/1966
Bud Wiser,(844) 428-6027,bobbugert@aol.com,10/18/1971
Polly Tech,(822) 734-7117,bbullens@charter.net,6/22/1942
Holly Graham,(899) 113-7403,eburket1@cox.net,6/18/2003
Frank N. Stein,(822) 423-7861,moosefan35@yahoo.com,6/14/1968
Cam R. Uh,(855) 909-9276,srburr@comcast.net,5/30/1945
Pat Agonia,(899) 107-2153,FISHONTHESANDIPEARL@prodigy.net,9/27/2010
Tara Zona,(844) 671-1848,jc852@aol.com,3/26/1933
Barry Cade,(855) 620-5928,riccarah@aol.com,9/22/1991